giornata,casa,trasferta
1,atalanta,sassuolo
1,bologna,lazio
1,frosinone,juventus
1,genoa,napoli
1,inter,monza
1,parma,cagliari
1,roma,fiorentina
1,torino,milan
1,udinese,como
1,venezia,lecce
2,atalanta,bologna
2,cagliari,inter
2,fiorentina,frosinone
2,juventus,parma
2,lazio,genoa
2,lecce,roma
2,milan,venezia
2,monza,udinese
2,napoli,como
2,sassuolo,torino
3,bologna,sassuolo
3,cagliari,lecce
3,fiorentina,torino
3,frosinone,venezia
3,genoa,como
3,inter,napoli
3,juventus,milan
3,parma,monza
3,roma,atalanta
3,udinese,lazio
4,atalanta,cagliari
4,como,parma
4,genoa,frosinone
4,inter,udinese
4,lazio,milan
4,lecce,monza
4,napoli,bologna
4,sassuolo,juventus
4,torino,roma
4,venezia,fiorentina
5,bologna,torino
5,fiorentina,napoli
5,frosinone,como
5,juventus,atalanta
5,milan,lecce
5,monza,sassuolo
5,parma,genoa
5,roma,inter
5,udinese,cagliari
5,venezia,lazio
6,atalanta,venezia
6,cagliari,juventus
6,como,roma
6,genoa,fiorentina
6,inter,parma
6,lazio,monza
6,lecce,bologna
6,napoli,frosinone
6,sassuolo,milan
6,torino,udinese
7,bologna,inter
7,fiorentina,como
7,frosinone,sassuolo
7,juventus,lazio
7,milan,atalanta
7,monza,cagliari
7,parma,torino
7,roma,genoa
7,udinese,lecce
7,venezia,napoli
8,atalanta,frosinone
8,cagliari,bologna
8,como,sassuolo
8,genoa,venezia
8,inter,fiorentina
8,lazio,parma
8,lecce,juventus
8,napoli,roma
8,torino,monza
8,udinese,milan
9,fiorentina,atalanta
9,frosinone,lecce
9,genoa,juventus
9,milan,bologna
9,monza,napoli
9,parma,udinese
9,roma,cagliari
9,sassuolo,lazio
9,torino,como
9,venezia,inter
10,atalanta,parma
10,bologna,monza
10,como,venezia
10,frosinone,torino
10,juventus,napoli
10,lazio,cagliari
10,lecce,genoa
10,milan,inter
10,sassuolo,fiorentina
10,udinese,roma
11,cagliari,frosinone
11,fiorentina,juventus
11,genoa,milan
11,inter,como
11,monza,atalanta
11,napoli,lazio
11,parma,bologna
11,roma,sassuolo
11,torino,lecce
11,venezia,udinese
12,atalanta,inter
12,bologna,udinese
12,como,cagliari
12,juventus,venezia
12,lazio,lecce
12,milan,frosinone
12,monza,fiorentina
12,napoli,torino
12,parma,roma
12,sassuolo,genoa
13,cagliari,milan
13,como,juventus
13,frosinone,parma
13,inter,genoa
13,lecce,atalanta
13,roma,monza
13,sassuolo,napoli
13,torino,lazio
13,udinese,fiorentina
13,venezia,bologna
14,bologna,roma
14,fiorentina,cagliari
14,frosinone,inter
14,genoa,torino
14,juventus,udinese
14,lazio,atalanta
14,milan,parma
14,monza,como
14,napoli,lecce
14,venezia,sassuolo
15,atalanta,genoa
15,cagliari,venezia
15,como,bologna
15,inter,torino
15,juventus,monza
15,lazio,roma
15,lecce,sassuolo
15,napoli,milan
15,parma,fiorentina
15,udinese,frosinone
16,atalanta,napoli
16,fiorentina,bologna
16,frosinone,lazio
16,genoa,udinese
16,lecce,inter
16,milan,como
16,roma,juventus
16,sassuolo,parma
16,torino,cagliari
16,venezia,monza
17,bologna,juventus
17,cagliari,genoa
17,como,lecce
17,fiorentina,lazio
17,inter,sassuolo
17,monza,milan
17,parma,napoli
17,roma,frosinone
17,torino,venezia
17,udinese,atalanta
18,atalanta,como
18,frosinone,bologna
18,genoa,monza
18,juventus,torino
18,lazio,inter
18,lecce,parma
18,milan,fiorentina
18,napoli,cagliari
18,sassuolo,udinese
18,venezia,roma
19,bologna,genoa
19,cagliari,sassuolo
19,como,lazio
19,fiorentina,lecce
19,inter,juventus
19,monza,frosinone
19,parma,venezia
19,roma,milan
19,torino,atalanta
19,udinese,napoli
20,atalanta,roma
20,cagliari,como
20,juventus,genoa
20,lazio,bologna
20,lecce,udinese
20,milan,torino
20,napoli,fiorentina
20,parma,inter
20,sassuolo,monza
20,venezia,frosinone
21,bologna,atalanta
21,como,napoli
21,fiorentina,sassuolo
21,frosinone,milan
21,genoa,parma
21,inter,venezia
21,juventus,cagliari
21,lecce,torino
21,monza,lazio
21,roma,udinese
22,atalanta,fiorentina
22,cagliari,parma
22,genoa,lecce
22,lazio,venezia
22,milan,juventus
22,monza,roma
22,napoli,inter
22,sassuolo,como
22,torino,frosinone
22,udinese,bologna
23,atalanta,lazio
23,bologna,milan
23,como,monza
23,fiorentina,udinese
23,inter,cagliari
23,juventus,sassuolo
23,lecce,napoli
23,parma,frosinone
23,roma,torino
23,venezia,genoa
24,bologna,como
24,cagliari,lazio
24,frosinone,fiorentina
24,genoa,atalanta
24,inter,milan
24,monza,lecce
24,napoli,juventus
24,roma,parma
24,torino,sassuolo
24,udinese,venezia
25,atalanta,monza
25,como,torino
25,fiorentina,inter
25,juventus,bologna
25,lazio,napoli
25,lecce,frosinone
25,milan,genoa
25,sassuolo,roma
25,udinese,parma
25,venezia,cagliari
26,bologna,lecce
26,cagliari,udinese
26,como,milan
26,frosinone,napoli
26,genoa,lazio
26,inter,atalanta
26,monza,juventus
26,parma,sassuolo
26,roma,venezia
26,torino,fiorentina
27,atalanta,torino
27,fiorentina,venezia
27,juventus,roma
27,lazio,frosinone
27,lecce,como
27,milan,cagliari
27,monza,genoa
27,napoli,parma
27,sassuolo,bologna
27,udinese,inter
28,bologna,napoli
28,cagliari,fiorentina
28,como,udinese
28,frosinone,monza
28,genoa,roma
28,lazio,juventus
28,milan,sassuolo
28,parma,lecce
28,torino,inter
28,venezia,atalanta
29,atalanta,milan
29,fiorentina,genoa
29,inter,frosinone
29,juventus,como
29,monza,bologna
29,napoli,venezia
29,parma,lazio
29,roma,lecce
29,sassuolo,cagliari
29,udinese,torino
30,cagliari,napoli
30,como,fiorentina
30,frosinone,udinese
30,genoa,inter
30,lecce,lazio
30,milan,monza
30,roma,bologna
30,sassuolo,atalanta
30,torino,juventus
30,venezia,parma
31,bologna,venezia
31,cagliari,atalanta
31,fiorentina,milan
31,frosinone,genoa
31,inter,roma
31,juventus,lecce
31,lazio,torino
31,napoli,sassuolo
31,parma,como
31,udinese,monza
32,atalanta,udinese
32,bologna,cagliari
32,como,frosinone
32,fiorentina,parma
32,milan,napoli
32,monza,inter
32,roma,lazio
32,sassuolo,lecce
32,torino,genoa
32,venezia,juventus
33,cagliari,monza
33,frosinone,roma
33,genoa,sassuolo
33,inter,bologna
33,juventus,fiorentina
33,lazio,como
33,lecce,milan
33,napoli,udinese
33,parma,atalanta
33,venezia,torino
34,atalanta,juventus
34,bologna,fiorentina
34,como,inter
34,lecce,cagliari
34,milan,lazio
34,monza,venezia
34,roma,napoli
34,sassuolo,frosinone
34,torino,parma
34,udinese,genoa
35,fiorentina,roma
35,frosinone,atalanta
35,genoa,cagliari
35,inter,lecce
35,lazio,sassuolo
35,napoli,monza
35,parma,milan
35,torino,bologna
35,udinese,juventus
35,venezia,como
36,bologna,frosinone
36,cagliari,torino
36,como,atalanta
36,juventus,inter
36,lazio,udinese
36,lecce,fiorentina
36,milan,roma
36,monza,parma
36,napoli,genoa
36,sassuolo,venezia
37,atalanta,lecce
37,fiorentina,monza
37,frosinone,cagliari
37,genoa,bologna
37,inter,lazio
37,parma,juventus
37,roma,como
37,torino,napoli
37,udinese,sassuolo
37,venezia,milan
38,bologna,parma
38,cagliari,roma
38,como,genoa
38,juventus,frosinone
38,lazio,fiorentina
38,lecce,venezia
38,milan,udinese
38,monza,torino
38,napoli,atalanta
38,sassuolo,inter
